Variable,Importance
duration,0.39158084087559125
balance,0.11743901708619278
age,0.11205928637336854
day,0.10232597203411738
month,0.09849825882291578
poutcome_success,0.04316448965939049
housing,0.03521197824130788
pdays_contacted,0.027006162763320168
education,0.025307598228545378
poutcome_missing,0.016987362869601265
campaign_2 fois,0.01304649417896812
campaign_3-6 fois,0.012344795951555349
campaign_> 6 fois,0.005027742915125806
