Model,Mean Recall,Std Recall,Mean Precision,Std Precision,Mean F1,Std F1
LogisticRegression,0.7542177936033492,0.01722196865901895,0.8127788966511276,0.012053270936385595,0.7823654787243347,0.014197307938233567
RandomForestClassifier,0.8550522360325392,0.01510500205153115,0.80876622078785,0.007177281664832022,0.8312215862730661,0.009844064816377987
DecisionTreeClassifier,0.7436232017559185,0.020505604392374966,0.7701697207734315,0.009315006337553187,0.7565791571157474,0.014050544440872411
BaggingClassifier,0.7431270467980218,0.019698391832361526,0.8020568490172657,0.015315886873094453,0.771355545837239,0.015330415130985552
AdaBoostClassifier,0.7973213349808304,0.014604506792844116,0.7884620569363676,0.013343952367730335,0.7927205384613982,0.008985084623967413
GradientBoostingClassifier,0.8510235975363779,0.010370632124881445,0.8190124664022742,0.006689775659418276,0.8346986198454667,0.007982451866494851
