Variable,Importance
duration,0.3928771889802401
balance,0.11669139755692003
age,0.11346078438906974
day,0.10175240272299975
month,0.09808743847598397
poutcome_success,0.04554583680403935
housing,0.03513820027311018
pdays_contacted,0.02673550921338108
education,0.024511111071491228
poutcome_missing,0.014837999585494933
campaign_2 fois,0.013231146245375126
campaign_3-6 fois,0.012314316126109356
campaign_> 6 fois,0.0048166685557852465
