Step,Accuracy,Precision,Recall,F1-score
Avant Optimisation,0.8445001791472591,0.8153409090909091,0.8683812405446294,0.841025641025641
Après Hyperparamètres,0.8487997133643855,0.8186968838526912,0.8744326777609682,0.8456474030724214
Après Seuil,0.8480831243281978,0.8050271739130435,0.8963691376701967,0.8482462419470294
