Metric,Value
AUC,0.9139644946648281
Seuil Optimal,0.45
Meilleur F1-score,0.8482462419470294
